-- ============================================================
-- SGO - Sistema de Gestão Operacional de Obras
-- 13 - SEED DE DADOS (desenvolvimento)
-- ============================================================
-- ATENÇÃO: execute apenas em ambiente de desenvolvimento/staging
-- ============================================================

-- ============================================================
-- MASTER
-- ============================================================
INSERT INTO master (id, nome, email) VALUES
  ('00000000-0000-0000-0000-000000000001', 'SGO Master', 'master@sgo.dev');

-- ============================================================
-- CONSTRUTORA DEMO
-- ============================================================
INSERT INTO construtoras (id, master_id, nome, cnpj) VALUES
  (
    '10000000-0000-0000-0000-000000000001',
    '00000000-0000-0000-0000-000000000001',
    'Construtora Demo S.A.',
    '00.000.000/0001-00'
  );

-- ============================================================
-- SERVIÇOS BASE (biblioteca padrão)
-- ============================================================
INSERT INTO servicos (id, construtora_id, nome, unidade, tipo_apontamento) VALUES
  ('20000000-0000-0000-0000-000000000001','10000000-0000-0000-0000-000000000001','Fundação - Radier','m²','producao'),
  ('20000000-0000-0000-0000-000000000002','10000000-0000-0000-0000-000000000001','Alvenaria de Vedação','m²','producao'),
  ('20000000-0000-0000-0000-000000000003','10000000-0000-0000-0000-000000000001','Chapisco Interno','m²','producao'),
  ('20000000-0000-0000-0000-000000000004','10000000-0000-0000-0000-000000000001','Reboco Interno','m²','producao'),
  ('20000000-0000-0000-0000-000000000005','10000000-0000-0000-0000-000000000001','Contrapiso','m²','producao'),
  ('20000000-0000-0000-0000-000000000006','10000000-0000-0000-0000-000000000001','Pintura Interna','m²','producao'),
  ('20000000-0000-0000-0000-000000000007','10000000-0000-0000-0000-000000000001','Instalação Elétrica','pt','producao'),
  ('20000000-0000-0000-0000-000000000008','10000000-0000-0000-0000-000000000001','Instalação Hidráulica','pt','producao'),
  ('20000000-0000-0000-0000-000000000009','10000000-0000-0000-0000-000000000001','Cobertura / Telhado','m²','producao'),
  ('20000000-0000-0000-0000-000000000010','10000000-0000-0000-0000-000000000001','Impermeabilização','m²','producao'),
  ('20000000-0000-0000-0000-000000000011','10000000-0000-0000-0000-000000000001','Revestimento Cerâmico','m²','producao'),
  ('20000000-0000-0000-0000-000000000012','10000000-0000-0000-0000-000000000001','Esquadria de Alumínio','un','producao'),
  ('20000000-0000-0000-0000-000000000013','10000000-0000-0000-0000-000000000001','Vigia / Segurança','hr','hora'),
  ('20000000-0000-0000-0000-000000000014','10000000-0000-0000-0000-000000000001','Laje Maciça','m²','producao'),
  ('20000000-0000-0000-0000-000000000015','10000000-0000-0000-0000-000000000001','Estrutura de Concreto','m³','producao');

-- ============================================================
-- MATERIAIS POR SERVIÇO
-- ============================================================
INSERT INTO servico_materiais (servico_id, material, unidade, quantidade) VALUES
  -- Alvenaria
  ('20000000-0000-0000-0000-000000000002','Tijolo 9x14x19','un',  30),
  ('20000000-0000-0000-0000-000000000002','Argamassa Assentamento','kg', 15),
  -- Chapisco
  ('20000000-0000-0000-0000-000000000003','Cimento CP-II','kg', 3.5),
  ('20000000-0000-0000-0000-000000000003','Areia Grossa','kg', 10),
  -- Reboco
  ('20000000-0000-0000-0000-000000000004','Cimento CP-II','kg', 4),
  ('20000000-0000-0000-0000-000000000004','Areia Fina','kg', 12),
  ('20000000-0000-0000-0000-000000000004','Cal Hidratada','kg', 3),
  -- Contrapiso
  ('20000000-0000-0000-0000-000000000005','Cimento CP-II','kg', 8),
  ('20000000-0000-0000-0000-000000000005','Areia Grossa','kg', 30),
  ('20000000-0000-0000-0000-000000000005','Brita 0','kg', 25);

-- ============================================================
-- TEMPLATE PCP: CASA POPULAR
-- ============================================================
INSERT INTO pcp_templates (id, construtora_id, nome, descricao, tipo_obra) VALUES
  (
    '30000000-0000-0000-0000-000000000001',
    '10000000-0000-0000-0000-000000000001',
    'Casa Popular',
    'Template padrão para obras de casas populares',
    'horizontal'
  );

INSERT INTO pcp_template_itens
  (template_id, servico_id, nome, ordem, duracao_dias)
VALUES
  ('30000000-0000-0000-0000-000000000001','20000000-0000-0000-0000-000000000001','Fundação - Radier',   1, 5),
  ('30000000-0000-0000-0000-000000000001','20000000-0000-0000-0000-000000000014','Laje Maciça',         2, 4),
  ('30000000-0000-0000-0000-000000000001','20000000-0000-0000-0000-000000000002','Alvenaria de Vedação', 3, 7),
  ('30000000-0000-0000-0000-000000000001','20000000-0000-0000-0000-000000000009','Cobertura / Telhado',  4, 4),
  ('30000000-0000-0000-0000-000000000001','20000000-0000-0000-0000-000000000003','Chapisco Interno',     5, 3),
  ('30000000-0000-0000-0000-000000000001','20000000-0000-0000-0000-000000000004','Reboco Interno',       6, 5),
  ('30000000-0000-0000-0000-000000000001','20000000-0000-0000-0000-000000000005','Contrapiso',           7, 3),
  ('30000000-0000-0000-0000-000000000001','20000000-0000-0000-0000-000000000007','Instalação Elétrica',  8, 4),
  ('30000000-0000-0000-0000-000000000001','20000000-0000-0000-0000-000000000008','Instalação Hidráulica',9, 4),
  ('30000000-0000-0000-0000-000000000001','20000000-0000-0000-0000-000000000011','Revestimento Cerâmico',10,5),
  ('30000000-0000-0000-0000-000000000001','20000000-0000-0000-0000-000000000006','Pintura Interna',      11,4),
  ('30000000-0000-0000-0000-000000000001','20000000-0000-0000-0000-000000000012','Esquadrias',           12,2);

-- ============================================================
-- TEMPLATE PCP: EDIFÍCIO VERTICAL
-- ============================================================
INSERT INTO pcp_templates (id, construtora_id, nome, descricao, tipo_obra) VALUES
  (
    '30000000-0000-0000-0000-000000000002',
    '10000000-0000-0000-0000-000000000001',
    'Edifício Vertical',
    'Template padrão para obras de edifícios verticais por pavimento',
    'vertical'
  );

INSERT INTO pcp_template_itens
  (template_id, servico_id, nome, ordem, duracao_dias)
VALUES
  ('30000000-0000-0000-0000-000000000002','20000000-0000-0000-0000-000000000015','Estrutura de Concreto', 1, 7),
  ('30000000-0000-0000-0000-000000000002','20000000-0000-0000-0000-000000000002','Alvenaria',             2, 6),
  ('30000000-0000-0000-0000-000000000002','20000000-0000-0000-0000-000000000007','Instalação Elétrica',   3, 5),
  ('30000000-0000-0000-0000-000000000002','20000000-0000-0000-0000-000000000008','Instalação Hidráulica', 4, 5),
  ('30000000-0000-0000-0000-000000000002','20000000-0000-0000-0000-000000000010','Impermeabilização',     5, 3),
  ('30000000-0000-0000-0000-000000000002','20000000-0000-0000-0000-000000000003','Chapisco',              6, 3),
  ('30000000-0000-0000-0000-000000000002','20000000-0000-0000-0000-000000000004','Reboco',                7, 5),
  ('30000000-0000-0000-0000-000000000002','20000000-0000-0000-0000-000000000011','Revestimento Cerâmico', 8, 5),
  ('30000000-0000-0000-0000-000000000002','20000000-0000-0000-0000-000000000006','Pintura',               9, 4),
  ('30000000-0000-0000-0000-000000000002','20000000-0000-0000-0000-000000000012','Esquadrias',           10, 3);
